<?xml version="1.0" encoding="UTF-8"?>
<project-private xmlns="http://www.netbeans.org/ns/project-private/1">
    <editor-bookmarks xmlns="http://www.netbeans.org/ns/editor-bookmarks/2" lastBookmarkId="1"/>
    <open-files xmlns="http://www.netbeans.org/ns/projectui-open-files/2">
        <group>
            <file>file:/C:/Users/JAGDEV%20RAJPOOT/Desktop/vehicle_management/JavaApplication1/src/javaapplication1/gaurd.java</file>
            <file>file:/C:/Users/JAGDEV%20RAJPOOT/Desktop/vehicle_management/JavaApplication1/src/javaapplication1/NewJFrame.java</file>
            <file>file:/C:/Users/JAGDEV%20RAJPOOT/Desktop/vehicle_management/JavaApplication1/src/javaapplication1/enter.java</file>
            <file>file:/C:/Users/JAGDEV%20RAJPOOT/Desktop/vehicle_management/JavaApplication1/src/javaapplication1/history.java</file>
            <file>file:/C:/Users/JAGDEV%20RAJPOOT/Desktop/vehicle_management/JavaApplication1/src/javaapplication1/show.java</file>
            <file>file:/C:/Users/JAGDEV%20RAJPOOT/Desktop/vehicle_management/JavaApplication1/src/javaapplication1/welcome.java</file>
            <file>file:/C:/Users/JAGDEV%20RAJPOOT/Desktop/vehicle_management/JavaApplication1/src/javaapplication1/return_vehicle.java</file>
        </group>
    </open-files>
</project-private>
